{
	"$schema": "../board-definition.schema.json",
	"isToolboard": true,
	"name": "FLY-SHT36",
	"manufacturer": "Mellow",
	"serialPath": "/dev/mellow-fly-sht-36",
	"firmwareBinaryName": "firmware-mellow-fly-sht-36.bin",
	"compileScript": "compile.sh",
	"flashScript": "flash.sh",
	"flashInstructions": "After initial flashing, make sure the boot0 jumper is not inserted.",
	"documentationLink": "https://os.ratrig.com/docs/boards/mellow/fly-sht-36",
	"dfu": {
		"flashDevice": "0483:df11",
		"dfuBootImage": "dfubooting.png",
		"instructions": [
			"Add the jumper as shown in the picture",
			"Connect the board via USB to the Raspberry Pi",
			"Make sure the board is powered on",
			"If the board was already connected and powered when you inserted the jumper, click the boot button on the board."
		],
		"reminder": "Remember to remove the BOOT0 jumper after flashing."
	}
}
