{
  "general": {
    "displayZOffsetStandby": true,
    "displayCancelPrint": true,
    "printername": "RatOS"
  },
  "control": {
    "extruder": { "feedamount": 50, "feedrate": 5 },
    "style": "cross",
    "selectedCrossStep": 3
  },
  "dashboard": {
    "control": { "useCross": true },
    "nonExpandPanels": [],
    "widescreenLayout3": [
      {
        "name": "macrogroup_5752c70d-d04e-4d3b-a775-c7536704806b",
        "visible": true
      },
      {
        "name": "macrogroup_8339b81d-189d-462b-8ae6-3f12ee2f2adc",
        "visible": true
      },
      {
        "name": "macrogroup_301c19bd-632e-41d1-a8ea-3b131eccbfa0",
        "visible": true
      },
      { "name": "miniconsole", "visible": true }
    ],
    "widescreenLayout1": [
      { "name": "zoffset", "visible": true },
      { "name": "control", "visible": true },
      { "name": "miscellaneous", "visible": true }
    ],
    "desktopLayout2": [
      { "name": "tools", "visible": true },
      { "name": "miniconsole", "visible": true },
      {
        "name": "macrogroup_5752c70d-d04e-4d3b-a775-c7536704806b",
        "visible": true
      },
      {
        "name": "macrogroup_301c19bd-632e-41d1-a8ea-3b131eccbfa0",
        "visible": true
      },
      {
        "name": "macrogroup_8339b81d-189d-462b-8ae6-3f12ee2f2adc",
        "visible": true
      }
    ],
    "desktopLayout1": [
      { "name": "zoffset", "visible": true },
      { "name": "control", "visible": true },
      { "name": "printsettings", "visible": true },
      { "name": "machine-settings", "visible": true },
      { "name": "miscellaneous", "visible": true }
    ],
    "tabletLayout2": [
      { "name": "tools", "visible": true },
      { "name": "miniconsole", "visible": true },
      {
        "name": "macrogroup_5752c70d-d04e-4d3b-a775-c7536704806b",
        "visible": true
      },
      {
        "name": "macrogroup_8339b81d-189d-462b-8ae6-3f12ee2f2adc",
        "visible": true
      },
      {
        "name": "macrogroup_301c19bd-632e-41d1-a8ea-3b131eccbfa0",
        "visible": true
      }
    ],
    "tabletLayout1": [
      { "name": "zoffset", "visible": true },
      { "name": "control", "visible": true },
      { "name": "printsettings", "visible": true },
      { "name": "machine-settings", "visible": true },
      { "name": "miscellaneous", "visible": true }
    ],
    "mobileLayout": [
      { "name": "zoffset", "visible": true },
      { "name": "control", "visible": true },
      { "name": "printsettings", "visible": true },
      { "name": "machine-settings", "visible": true },
      { "name": "miscellaneous", "visible": true },
      { "name": "tools", "visible": true },
      { "name": "miniconsole", "visible": true },
      {
        "name": "macrogroup_5752c70d-d04e-4d3b-a775-c7536704806b",
        "visible": true
      },
      {
        "name": "macrogroup_8339b81d-189d-462b-8ae6-3f12ee2f2adc",
        "visible": true
      },
      {
        "name": "macrogroup_301c19bd-632e-41d1-a8ea-3b131eccbfa0",
        "visible": true
      }
    ]
  },
  "macros": {
    "mode": "expert",
    "macrogroups": {
      "5752c70d-d04e-4d3b-a775-c7536704806b": {
        "name": "Filament",
        "color": "primary",
        "colorCustom": "#fff",
        "showInStandby": true,
        "showInPause": true,
        "showInPrinting": true,
        "macros": [
          {
            "pos": 1,
            "name": "LOAD_FILAMENT",
            "color": "group",
            "showInStandby": true,
            "showInPrinting": true,
            "showInPause": true
          },
          {
            "pos": 3,
            "name": "M600",
            "color": "group",
            "showInStandby": true,
            "showInPrinting": true,
            "showInPause": true
          },
          {
            "pos": 2,
            "name": "UNLOAD_FILAMENT",
            "color": "group",
            "showInStandby": true,
            "showInPrinting": true,
            "showInPause": true
          }
        ]
      },
      "301c19bd-632e-41d1-a8ea-3b131eccbfa0": {
        "name": "Debug",
        "color": "warning",
        "colorCustom": "#fff",
        "showInStandby": true,
        "showInPause": false,
        "showInPrinting": false,
        "macros": [
          {
            "pos": 1,
            "name": "ECHO_RATOS_VARS",
            "color": "group",
            "showInStandby": true,
            "showInPrinting": true,
            "showInPause": true
          },
          {
            "pos": 2,
            "name": "RatOS",
            "color": "group",
            "showInStandby": true,
            "showInPrinting": true,
            "showInPause": true
          },
          {
            "pos": 3,
            "name": "SET_CENTER_KINEMATIC_POSITION",
            "color": "group",
            "showInStandby": true,
            "showInPrinting": true,
            "showInPause": true
          }
        ]
      },
      "8339b81d-189d-462b-8ae6-3f12ee2f2adc": {
        "name": "Scripts",
        "color": "primary",
        "colorCustom": "#fff",
        "showInStandby": true,
        "showInPause": false,
        "showInPrinting": false,
        "macros": [
          {
            "pos": 1,
            "name": "CHANGE_HOSTNAME",
            "color": "group",
            "showInStandby": true,
            "showInPrinting": false,
            "showInPause": false
          },
          {
            "pos": 2,
            "name": "COMPILE_FIRMWARE",
            "color": "group",
            "showInStandby": true,
            "showInPrinting": false,
            "showInPause": false
          },
          {
            "pos": 3,
            "name": "GENERATE_SHAPER_GRAPHS",
            "color": "group",
            "showInStandby": true,
            "showInPrinting": false,
            "showInPause": false
          },
          {
            "pos": 4,
            "name": "MEASURE_COREXY_BELT_TENSION",
            "color": "group",
            "showInStandby": true,
            "showInPrinting": true,
            "showInPause": true
          }
        ]
      },
      "900d9140-9b24-4c9e-a022-f75c68f287f2": {
        "name": "Installation",
        "color": "primary",
        "colorCustom": "#fff",
        "showInStandby": true,
        "showInPause": false,
        "showInPrinting": false,
        "macros": [
          {
            "pos": 1,
            "name": "INSTALL_VCORE_THREE_CONFIG",
            "color": "group",
            "showInStandby": true,
            "showInPrinting": true,
            "showInPause": true
          },
          {
            "pos": 2,
            "name": "INSTALL_VMINION_CONFIG",
            "color": "group",
            "showInStandby": true,
            "showInPrinting": true,
            "showInPause": true
          },
          {
            "pos": 3,
            "name": "INSTALL_VCORE_PRO_CONFIG",
            "color": "group",
            "showInStandby": true,
            "showInPrinting": true,
            "showInPause": true
          },
          {
            "pos": 4,
            "name": "INSTALL_VORON_V0",
            "color": "group",
            "showInStandby": true,
            "showInPrinting": true,
            "showInPause": true
          },
          {
            "pos": 5,
            "name": "INSTALL_VORON_V2",
            "color": "group",
            "showInStandby": true,
            "showInPrinting": true,
            "showInPause": true
          },
          {
            "pos": 6,
            "name": "INSTALL_PRUSA_MINI",
            "color": "group",
            "showInStandby": true,
            "showInPrinting": true,
            "showInPause": true
          },
          {
            "pos": 7,
            "name": "INSTALL_PRUSA_MK3",
            "color": "group",
            "showInStandby": true,
            "showInPrinting": true,
            "showInPause": true
          }
        ]
      }
    }
  },
  "presets": {
    "presets": {
      "58accba9-151f-48b7-b92f-5a9bf03fd013": {
        "name": "PLA",
        "gcode": "",
        "values": {
          "extruder": { "bool": true, "value": "210", "type": "heater" },
          "heater_bed": { "bool": true, "value": "60", "type": "heater" }
        }
      },
      "b20e19be-1d97-400b-91cc-8251d162ca0b": {
        "name": "PETG",
        "gcode": "",
        "values": {
          "extruder": { "bool": true, "value": "245", "type": "heater" },
          "heater_bed": { "bool": true, "value": "80", "type": "heater" }
        }
      },
      "6a0a0ce3-2696-418b-8bfd-433008370100": {
        "name": "ABS",
        "gcode": "",
        "values": {
          "extruder": { "bool": true, "value": "250", "type": "heater" },
          "heater_bed": { "bool": true, "value": "110", "type": "heater" }
        }
      }
    }
  },
  "uiSettings": {
    "displayCancelPrint": true,
    "displayZOffsetStandby": true,
    "primary": "#99F321"
  },
  "view": {
    "configfiles": { "sortDesc": true, "countPerPage": -1 },
    "tempchart": {
      "datasetSettings": {
        "extruder": {
          "color": "#8E379D",
          "power": true,
          "temperature": true,
          "target": true
        },
        "heater_bed": { "power": true, "target": true, "temperature": true }
      },
      "autoscale": true
    }
  }
}
