{
	"$schema": "../board-definition.schema.json",
	"isToolboard": true,
	"name": "EBB42 v1.1",
	"manufacturer": "BIGTREETECH",
	"serialPath": "/dev/btt-ebb42-11",
	"firmwareBinaryName": "firmware-btt-ebb42-11.bin",
	"compileScript": "compile.sh",
	"flashScript": "flash.sh",
	"documentationLink": "https://os.ratrig.com/docs/boards/btt/ebb42-11",
	"disableAutoFlash": true,
	"dfu": {
		"flashDevice": "0483:df11",
		"dfuBootImage": "dfubooting.png",
		"instructions": [
			"Connect the board via USB to the Raspberry Pi",
			"Make sure the board is powered (you can use usb power by placing a jumper on the VBUS pins)",
			"Press and hold the BOOT button on the board.",
			"Press and release the RESET button on the board.",
			"Release the BOOT button."
		]
	}
}
