{
	"$schema": "../board-definition.schema.json",
	"name": "Octopus Max EZ V1.0",
	"manufacturer": "BIGTREETECH",
	"serialPath": "/dev/btt-octopus-max-ez",
	"firmwareBinaryName": "firmware-btt-octopus-max-ez.bin",
	"compileScript": "compile.sh",
	"flashScript": "flash.sh",
	"flashInstructions": "Flashing only works if the SD card slot on the Octopus is empty.",
	"documentationLink": "https://os.ratrig.com/docs/boards/btt/btt-octopus-max-ez",
    "dfu": {
        "flashDevice": "0483:df11",
        "dfuBootImage": "dfubooting.drawio.png",
        "instructions": [
            "Connect the board via USB to the Raspberry Pi",
            "Make sure the board is powered (you can use usb power by placing a jumper on the VBUS pins)",
            "Press and hold the BOOT0 button on the board.",
            "Press and release the RESET button on the board.",
            "Release the BOOT0 button."
        ]
    }
}
